admin,127.0.0.1,53445,2025-02-20@21:48:00,allo
tommy,127.0.0.1,53451,2025-02-20@21:48:51,salut admin !
tommy,127.0.0.1,53536,2025-02-20@22:05:53,Salut Adminnn :O
admin,127.0.0.1,53537,2025-02-20@22:06:06,Comment cava tommy
tommy,127.0.0.1,53568,2025-02-20@22:10:04,allo admin
allo,127.0.0.1,53600,2025-02-20@22:12:41,Salut
tommy,127.0.0.1,54599,2025-02-21@00:09:46,salut
admin,127.0.0.1,54648,2025-02-21@00:19:09,weqq
tommy,127.0.0.1,54703,2025-02-21@00:28:06,Wow, je parle tout seul maintenant.
pop,127.0.0.1,54304,2025-02-21@00:41:39,test
admin,127.0.0.1,55936,2025-02-21@01:21:43,fefaea
admin,127.0.0.1,55944,2025-02-21@01:23:14,ffeafeafgbaeuifgauioehfae
admin,127.0.0.1,55936,2025-02-21@01:23:21,ffefeafeafaef
admin,127.0.0.1,57798,2025-02-21@02:28:37,vdgvzsrudihgv
admin,127.0.0.1,57798,2025-02-21@02:28:39,,,,
admin,127.0.0.1,57798,2025-02-21@02:28:41,,,,,,
admin,127.0.0.1,57798,2025-02-21@02:28:42,,,,,
admin,127.0.0.1,57798,2025-02-21@02:28:44,,,,,,,
admin,127.0.0.1,57798,2025-02-21@02:28:47,,,,hetjnguzorghuzOHGUOZR
admin,127.0.0.1,57798,2025-02-21@02:28:56,20/20 SIVOUPLE
admin,127.0.0.1,58343,2025-02-21@02:50:09,q
